,demos
1,Ihlen_0_int_task_preparing_a_shower_for_child_0_4
2,Ihlen_0_int_task_preparing_a_shower_for_child_0_10
3,Merom_0_int_task_polishing_shoes_0_4
4,Merom_0_int_task_cleaning_floors_0_10
5,Wainscott_0_int_task_cleaning_floors_0_3
6,Wainscott_0_int_task_cleaning_floors_0_8
7,Wainscott_0_int_task_cleaning_floors_0_21
8,Wainscott_0_int_task_cleaning_floors_0_23
9,Wainscott_0_int_task_cleaning_floors_0_25
10,Benevolence_0_int_task_cleaning_bathrooms_0_5
11,Benevolence_0_int_task_cleaning_bathrooms_0_6
12,Benevolence_0_int_task_cleaning_bathrooms_0_18
13,Benevolence_0_int_task_cleaning_bathrooms_0_21
14,Benevolence_0_int_task_cleaning_bathrooms_0_23
15,Benevolence_0_int_task_cleaning_bathrooms_0_27
16,Benevolence_0_int_task_cleaning_bathtub_0_2
17,Benevolence_0_int_task_cleaning_bathtub_0_5
18,Benevolence_0_int_task_cleaning_bathtub_0_9
19,Benevolence_0_int_task_cleaning_bathtub_0_15
20,Benevolence_0_int_task_cleaning_bathtub_0_16
21,Benevolence_0_int_task_cleaning_bathtub_0_20
22,Benevolence_0_int_task_cleaning_bathtub_0_27
23,Benevolence_2_int_task_mopping_floors_0_17
24,Benevolence_2_int_task_mopping_floors_0_28
25,Benevolence_2_int_task_mopping_floors_0_29
26,Ihlen_0_int_task_mopping_floors_0_5
27,Ihlen_0_int_task_mopping_floors_0_7
28,Ihlen_0_int_task_mopping_floors_0_8
29,Ihlen_0_int_task_mopping_floors_0_10
30,Ihlen_0_int_task_mopping_floors_0_11
31,Ihlen_0_int_task_mopping_floors_0_17
32,Ihlen_0_int_task_mopping_floors_0_18
33,Ihlen_0_int_task_mopping_floors_0_20
34,Ihlen_0_int_task_mopping_floors_0_23
